name,price,url
Подвесной светильник Сансет Black,5990,/product/podvesnoj-svetilnik-sanset-black
Торшер Билли Black,19 690,/product/torsher-billi-black
Подвесной светильник Бабл-9,19 990,/product/podvesnoj-svetilnik-babl-9
Торшер Бабл-1,6990,/product/torsher-babl-1
Подвесной светильник Бабл-3,6990,/product/podvesnoj-svetilnik-babl-3
Бра Бабл Black,1990,/product/bra-babl-black
Настольная лампа Дэнди Black,3990,/product/nastolnaya-lampa-dendi-black
Настольная лампа Дэнди White,3990,/product/nastolnaya-lampa-dendi-white
Торшер Варио White,5990,/product/torsher-vario-white
Бра Варио Black,1490,/product/bra-vario-black
Бра Варио White,1490,/product/bra-vario-white
Подвесной светильник Сансет White,5990,/product/podvesnoj-svetilnik-sanset-white
Подвесной светильник Кэндел Black,3990,/product/podvesnoj-svetilnik-kendel-black
Подвесной светильник Кэндел White,3990,/product/podvesnoj-svetilnik-kendel-white
Настольная лампа Гровер Glass,5990,/product/nastolnaya-lampa-grover-glass
Настольная лампа Спайк Green,990,/product/nastolnaya-lampa-spajk-green
Настольная лампа Рэй Black,3590,/product/nastolnaya-lampa-rej-black
Торшер Рэй White,5590,/product/torsher-rej-white
Торшер Мун Black,8990,/product/torsher-mun-black
Торшер Варио Black,5990,/product/torsher-vario-black
Настольная лампа Раффи Round,7190,/product/nastolnaya-lampa-raffi-round
Торшер Гросс White,7990,/product/torsher-gross-white
Бра Moderli Alina,3190,/product/bra-moderli-alina
Подвесной светильник Маро Green,9990,/product/podvesnoj-svetilnik-maro-green
Настольная лампа Машрум Grey,4590,/product/nastolnaya-lampa-mashrum-grey
Настольная лампа Рэй White,3590,/product/nastolnaya-lampa-rej-white
Светильник потолочный Matthew,5690,/product/svetilnik-potolochnyj-matthew
Спот Лайт-1 Black,2690,/product/spot-lajt-1-black
Настольная лампа Сфера Black,5390,/product/nastolnaya-lampa-sfera-black
Люстра Монти-3 White,11 490,/product/lyustra-monti-3-white
Бра Galdakao-1,6590,/product/bra-galdakao
Подвесной светильник Tureis,3890,/product/podvesnoj-svetilnik-tureis
Люстра Монти-5 White,17 190,/product/lyustra-monti-5-white
Подвесной светильник Лиму-3 Black,5590,/product/podvesnoj-svetilnik-limu-3-black
Торшер Билли White,19 690,/product/torsher-billi-white
Бра Cornus Silver,5590,/product/bra-cornus-silver
Спот Олден Brown,1090,/product/spot-olden-brown
Бра Куб White,2190,/product/bra-kub-white
Ландшафтный светильник Визор Black,4490,/product/landshaftnyj-svetilnik-vizor-black
Бра Bolla-Unica,5290,/product/bra-bolla-unica
Люстра Леон-5 Black,11 290,/product/lyustra-leon-5-black
Настольная лампа Мист Black,5590,/product/nastolnaya-lampa-mist-black
Настольная лампа Palla Grey,13 590,/product/nastolnaya-lampa-palla-grey
Подвесной светильник Фаро-3 White,6490,/product/podvesnoj-svetilnik-faro-3-white
Люстра Нейва-4 Black,6790,/product/lyustra-nejva-4-black
Люстра Альби-6 Black,4690,/product/lyustra-albi-6-black
Бра Лима Black,2390,/product/bra-lima-black
Бра Техно Стрикт-2 Black,2290,/product/bra-tehno-strikt-2-black
